{
  "project_info": {
    "project_number": "953929136500",
    "project_id": "payglob123",
    "storage_bucket": "payglob123.appspot.com"
  },
  "client": [
    {
      "client_info": {
        "mobilesdk_app_id": "1:953929136500:android:888452392a430cf773d421",
        "android_client_info": {
          "package_name": "com.example.codeseasy.com.firebaseauth"
        }
      },
      "oauth_client": [
        {
          "client_id": "953929136500-60u3ebol85dguahct6od0t7f5c9ra2i5.apps.googleusercontent.com",
          "client_type": 3
        }
      ],
      "api_key": [
        {
          "current_key": "AIzaSyChVdMiJPZF2QVwnKyrL24_1fKX5okQkLQ"
        }
      ],
      "services": {
        "appinvite_service": {
          "other_platform_oauth_client": [
            {
              "client_id": "953929136500-60u3ebol85dguahct6od0t7f5c9ra2i5.apps.googleusercontent.com",
              "client_type": 3
            }
          ]
        }
      }
    }
  ],
  "configuration_version": "1"
}